Avg Elapsed Time Mean,Avg Elapsed Time Std,Avg Lost Sales Cost Mean,Avg Lost Sales Cost Std,Avg Net Profit Mean,Avg Net Profit Std,Avg Overstock Cost Mean,Avg Overstock Cost Std,Avg Revenue Mean,Avg Revenue Std,Avg Unexpected Loss Mean,Avg Unexpected Loss Std,Infeasibility Rate Mean,Infeasibility Rate Std,R,Total Cost Mean,Total Cost Std
220777.33333333334,30715.55280459647,175.43150778774665,10.238483461866466,19.545799283791624,2.0946364264614377,0.37792803100864597,0.18425356927864597,91.34292951643319,9.490002649106343,2.9247512856045436e-11,1.6019522542178426e-10,0.00016666666666666666,0.0009128709291752771,30,71.79713023264154,7.418183290431975
